year,summer_avg_temp,summer_max_temp,summer_heatwave_days
2023,25.78478260869565,29.622826086956525,45
2024,26.86521739130435,31.02608695652174,66
2025,27.05217391304348,31.055434782608696,62
