year,summer_avg_heat_index,summer_avg_humidity
2023,30.392391304347825,66.02065217391304
2024,31.278260869565216,60.72608695652174
2025,31.31413043478261,60.45217391304348
